Designator,Footprint,Quantity,Value,LCSC Part #
BT1,Keystone-3034TR-MFG,1,CR2032,
C1,0805,1,1u,
C2,0805,1,0.1u,
C3,0805,1,0.1u,
C4,0805,1,0.1u,
C5,0805,1,0.1u,
C6,0805,1,0.1u,
C7,0805,1,0.1u,
D1,SOT-23,1,BAV70LT1G,
D2,SOT-23,1,BAT54C,
J1,LOOPY-Edge-Connector,1,~,
R1,0805,1,1K,
R2,0805,1,1K,
R3,0805,1,100K,
R4,0805,1,100K,
R5,0805,1,100K,
R6,0805,1,1.2K,
R7,0805,1,100K,
R8,0805,1,100K,
U1,SOP_28L_330MIL_ISI-L,1,IS62C256AL-45ULI,
U2,SOT-23-5,1,SN74LVC1G04,
U3,RP2040-Tiny,1,RP2040-Tiny,
U4,TSOP-I-56_18.4x14mm_P0.5mm-HandSolder,1,LH28F320SKTD-L70,
"U5, U6, U7",SOIC127P1030X265-28N,3,MCP23S17-E/SO,
